[{"family":"MaterialIcons","fonts":[{"asset":"fonts/MaterialIcons-Regular.otf"}]},{"family":"packages/cupertino_icons/CupertinoIcons","fonts":[{"asset":"packages/cupertino_icons/assets/CupertinoIcons.ttf"}]},{"family":"packages/iconsax_plus/IconsaxPlusBold","fonts":[{"asset":"packages/iconsax_plus/fonts/IconsaxPlusBold.ttf"}]},{"family":"packages/iconsax_plus/IconsaxPlusBroken","fonts":[{"asset":"packages/iconsax_plus/fonts/IconsaxPlusBroken.ttf"}]},{"family":"packages/iconsax_plus/IconsaxPlusLinear","fonts":[{"asset":"packages/iconsax_plus/fonts/IconsaxPlusLinear.ttf"}]}]