{"assets/images/CPOS-Logo-White.png":["assets/images/CPOS-Logo-White.png"],"assets/images/CPOS-Logo.png":["assets/images/CPOS-Logo.png"],"assets/images/Empty-Cart.png":["assets/images/Empty-Cart.png"],"assets/images/Empty-Product-Detail.png":["assets/images/Empty-Product-Detail.png"],"assets/images/EnterOutlined.png":["assets/images/EnterOutlined.png"],"assets/images/ITCare-Logo-White.png":["assets/images/ITCare-Logo-White.png"],"assets/images/app-icon.png":["assets/images/app-icon.png"],"assets/images/brand-bg.png":["assets/images/brand-bg.png"],"assets/images/clear.png":["assets/images/clear.png"],"assets/images/close.png":["assets/images/close.png"],"assets/images/product-empty.png":["assets/images/product-empty.png"],"assets/images/splash-screen.png":["assets/images/splash-screen.png"],"assets/locale/en/home.json":["assets/locale/en/home.json"],"assets/locale/en/login.json":["assets/locale/en/login.json"],"assets/locale/en/main.json":["assets/locale/en/main.json"],"assets/locale/en/productSearch.json":["assets/locale/en/productSearch.json"],"assets/locale/vi/home.json":["assets/locale/vi/home.json"],"assets/locale/vi/main.json":["assets/locale/vi/main.json"],"packages/cupertino_icons/assets/CupertinoIcons.ttf":["packages/cupertino_icons/assets/CupertinoIcons.ttf"],"packages/iconsax_plus/fonts/IconsaxPlusBold.ttf":["packages/iconsax_plus/fonts/IconsaxPlusBold.ttf"],"packages/iconsax_plus/fonts/IconsaxPlusBroken.ttf":["packages/iconsax_plus/fonts/IconsaxPlusBroken.ttf"],"packages/iconsax_plus/fonts/IconsaxPlusLinear.ttf":["packages/iconsax_plus/fonts/IconsaxPlusLinear.ttf"]}